original,mistake_1,mistake_2,mistake_3,mistake_4,label_2,label_1
Sigglekow,Siggelkow,Sigglecow,Siglekow,Sigelkow,8144,830
Rozwaski,Rozwoski,Rozwasky,Roswaski,Rozwaski,7569,769
Maingain,Mainchain,Maingane,Mainagan,Maingainn,5441,570
Doqaj,Dokaaj,Doqja,Docaaj,Dohqaj,2309,252
Tamômura,Tamomura,Tomamura,Tamoemura,Tamooura,8710,878
Carmignac,Carminac,Carmiggnac,Karmignac,Carmignacc,1443,151
Mirny,Mirney,Murny,Myrny,Mirnny,5919,614
Guyer-Nobles,Geyer-Nobles,Gyer-Nobles,Guier-Nobles,Guyer-Noble,3426,368
Streator,Strator,Streatorr,Streather,Streater,8491,858
Ciubara,Cziubara,Ciubarra,Ciubaara,Ciubra,1696,179
Colpeyn,Colpeyyn,Kolpeyn,Colepyn,Colpein,1760,186
Mariyappan,Mariappan,Mariyappann,Marriyappan,Maryappan,5575,581
Wildchild,Wildchildd,Wildchid,Wildchil,Wilchild,9638,966
Goriachkovsky,Goryachkovsky,Gorichkovsky,Goriachkowsky,Goriachkovskyy,3264,353
Barodka,Barodka,Borodka,Barrodk,Barodkka,666,65
Discupta,Disrupta,Discuupta,Dizcupta,Discuptaa,2244,244
Suntisook,Suntisoook,Sunisook,Suntisok,Suntisooke,8577,869
Villégier,Villegier,Vilegier,Villégir,Villégieer,9404,946
Kalafi,Kalafii,Kalafy,Kalaf,Kalaafi,4219,443
Batwara,Batwarra,Batwarah,Batwrah,Batwar,717,71
Gootrad,Gootrrad,Gotrad,Gootradde,Gootrad,3258,352
Chetri,Chetrii,Chetry,Chetr,Chettri,1606,166
Zvanova,Zwanova,Zvanovva,Zvanovaa,Zvanooova,9962,995
Sbiee,Sbie,Sbeee,Sbiie,Sbier,7816,796
Varetskiy,Varetsky,Varetskyy,Varetskii,Varetski,9259,930
Johnston-Henry,Johnstone-Henry,Jonhston-Henry,Johnston-Henrry,Johnston-Henryy,4090,434
Hurpy,Hurrpy,Huppy,Hurpi,Hurpyy,3814,405
Bilheimer,Billheimer,Bilhaimer,Bilhimer,Bilehimer,928,99
Grantski,Grantzki,Grandski,Granskii,Grantsky,3300,356
Ahrary,Ahari,Ahhary,Ahray,Ahraryy,117,10
Muliere,Mulliere,Mulier,Mulirre,Mulieree,6109,631
Krasilovska,Krasilovskaya,Krasilowska,Krasilovskii,Krasilovskaa,4735,495
Granau,Granaw,Grannau,Granu,Granauu,3295,355
Fayol,Fayole,Faiol,Fajol,Fyaol,2731,299
Mudzhyri,Mudzhyry,Mudzhiri,Mudzhiry,Mudzhyrie,6096,629
Fitzmeyer,Fizmeyer,Fitsmeyer,Fittzmeyer,Fidzmeyer,2825,312
Omeiza,Omeza,Omieza,Omezza,Omeizaa,6564,672
N'bokolo,Nbokollo,Nbokoloa,Nbokolo,Nbokoloo,6189,639
Celma,Celmah,Celmna,Caelma,Celema,1515,157
Röhre,Roehre,Rohre,Röhrre,Röhere,7634,776
Ezinga,Ezinnga,Ezzinga,Ezingga,Ezingaa,2671,291
Ritziu-Ilka,Ritzu-Ilka,Ritziu-Ilca,Ritsiu-Ilka,Ritziu-Ika,7435,751
Cumetti,Cumeti,Cumetty,Cummietti,Cummety,1880,207
Shaodong,Shodong,Shaodng,Shaaodong,Shadoong,8029,821
Cheledinas,Cheledinass,Cheledinaz,Cheledinasss,Cheledinassz,1589,164
Galynsky,Galinsky,Galynskyy,Galynskey,Galynzky,3003,330
Gellrich,Gelrich,Gellrik,Gellritch,Gellrikh,3094,335
Prösler,Proesler,Proslerr,Proeslerr,Proeslir,7140,725
Kamalinia,Kammalinia,Kamalinnia,Kamaliniya,Kamalinea,4248,446
Hiniger,Hinniger,Hineger,Hinigor,Hinyger,3696,390
Stroegerer,Strogerer,Stroeger,Stroegererr,Stroegererer,8499,859
Tvrdá,Tvrdah,Tvdrá,Tvardá,Tvrda,9102,912
Variyath,Varyath,Varyathh,Variyat,Variyeth,9265,932
Hoeps,Hoops,Hops,Hopes,Hoepss,3714,392
Tavlaridou,Tavlaridu,Tavlaridoo,Tavlaridouu,Tavlaridour,8753,885
Bittlestone,Bittlestun,Bittlesstone,Bittlestoen,Bitelstone,961,102
Andreste,Andrestee,Andrest,Andresti,Andresta,293,27
Janopoulo,Janopoullo,Janopoulou,Janopuolo,Janopoulko,3999,425
Cortazzi,Corttazi,Cortazzii,Corttazzi,Corttazzy,1799,194
Brudahl,Brudaal,Brudal,Brudhall,Brudahlle,1223,131
Cordizar,Cordizzar,Corddizar,Cordizarr,Cordisar,1785,190
Cresciman,Crescimann,Creciman,Crescimaan,Cresciiman,1841,200
Molke,Molk,Molkee,Molka,Molki,5989,618
Mykrä-Nieminen,Mykra-Nieminen,Mykra-Niemeinen,Mykra-Niemiinen,Mykraa-Nieminen,6165,637
Manherz-Dennis,Manherz-Denniss,Manherz-Deniss,Manherz-Deniz,Manherz-Denniis,5527,578
Labrín,Labrin,Labriin,Labrrin,Labriyn,4923,516
Kielmet,Kieelmet,Kielmeet,Kielmeett,Kielmeeet,4498,468
Dropka,Dropkka,Dropca,Drobka,Droppka,2361,261
Alfane,Alphane,Alphhane,Alffane,Alfanee,195,18
Driftmeier,Driftmeir,Driftmeiir,Driftmeyer,Drifftmeier,2352,259
Fuéntes,Fuentes,Fuentess,Fuentees,Fuentez,2956,323
Rohee,Rohee,Roheee,Rohe,Roheeeh,7488,760
Neventia,Nevenntia,Neventtia,Neventiaa,Neventiia,6324,654
Ypeij,Ypejj,Ypiej,Ypeyj,Ypeii,9783,976
Uplegger,Uplegerr,Upleggeri,Upleggerr,Upleggger,9157,921
Gatonyi,Gattonyi,Gatonyy,Gatonyii,Gatonyyee,3064,333
Rovanpera,Rovanperaa,Rovanpeeré,Rovampéra,Rovvanpera,7558,767
Biddlecombe,Biddlecom,Biddelcombe,Biddlecomb,Biddlecombee,905,97
Villamea,Villameaa,Villammea,Villame,Villama,9400,945
Lojd,Loid,Ljod,Lodd,Loed,5249,548
Kabalonis,Kavalonis,Kabanolis,Kabelonis,Kabilonis,4170,439
Aucot,Aucott,Aucod,Aucet,Aucat,462,43
Dobjanski,Dobianski,Dobiansky,Dobijanski,Dobjansky,2262,247
Oshiwa,Osiwa,Oshiva,Oshiwas,Oshiaw,6616,678
Serazzi,Serrazi,Serazziw,Serazzy,Serazi,7974,811
Solues,Soluesz,Solus,Soluez,Solue,8319,842
Guirnalda,Girnalda,Guirnald,Guirnelda,Guirnaldda,3390,363
Sienkwicz,Sienkiewicz,Sienkovicz,Sienkowitz,Sienkowicz,8138,829
Galaka,Galka,Galaca,Galakka,Galak,2980,326
Keshvan,Keshvani,Kesvan,Keshvaan,Keshvam,4431,460
Cardinall,Cardinale,Cardinell,Cardinel,Cardinalll,1433,149
Siponen,Siponin,Siponenk,Siponenn,Siponeen,8180,833
Grizotti,Grizzotti,Grizottiw,Grizoti,Grizotii,3337,358
Koronka,Kornka,Koroncka,Koronkka,Koronak,4674,487
Polancheck,Polanchek,Polancheck,Polancek,Polanceck,7027,714
Hörgberg,Horgberg,Horgbergh,Hörgbergh,Hoergberg,3836,409
Balbàs,Balbas,Balbasz,Balbäs,Balbás,581,54
Fiksel,Fikseli,Fiksle,Fiksela,Fiksell,2797,309
Macaraig,Macarig,Macarayg,Macaray,Macaraigg,5389,560
Zorawowicz,Zorawowic,Zorawovicz,Zorawovic,Zorawowiz,9943,992
Logne,Logn,Logen,Lognee,Longe,5245,546
Emhofer,Emhoffer,Emhofir,Emhofar,Emhoferi,2571,278
Salyev,Salyevv,Salyeve,Saliev,Salyeov,7712,786
Thelfa,Telfa,Thelfaa,Thelfah,Thellfa,8826,891
Vezys,Vezyss,Vezies,Veziz,Vezysy,9372,940
Poppeys,Poppey,Poppys,Poppeysy,Poppays,7060,716
Kalogerakou,Kalogeraku,Kalogerakoo,Kalogerakuo,Kalogerakuu,4242,445
Boudai,Boudaie,Boudae,Bouday,Boudy,1111,115
Drexlter,Drexler,Drexlerter,Drexletr,Drexlther,2348,258
Richtar,Richter,Rikhtar,Ricthar,Rychtar,7397,743
Ebrahimi-Oble,Ebrahimi-Obel,Ebrahimi-Obl,Ebrahimi-Ople,Ebrahimi-Oblee,2473,270
Blednykh,Blednikh,Blednyck,Blednich,Blednykhk,984,104
McCusker-Bland,McCusker-Blond,McCusker-Band,McCusker-Brand,McCusker-Blaund,5703,597
Baibosinova,Baibosinava,Baibosinove,Baibosinovahe,Baibosinovaa,553,53
Chinatiworn,Chinatiiworn,Chinitiworn,Chinatiwornn,Chinatiwor,1625,169
Phaire,Phayre,Faire,Phaeir,Phair,6914,703
Fengkai,Fengkay,Fengkae,Fengky,Fengkaii,2758,305
Llastarri,Llastari,Llastarry,Llastarrie,Llastarr,5229,543
Couttausse,Coutausse,Couttause,Couttaussee,Couttauss,1826,197
Dichy,Dichi,Dychy,Dicky,Dichyy,2196,238
Beskri,Beskry,Bescri,Beskrie,Besskri,866,89
Morral,Morall,Morrel,Morrall,Morralle,6041,625
Bendelman,Bendelmann,Bendelmman,Bendelmaan,Bendelmen,796,83
Huppen,Hupen,Hupenn,Huppenn,Huppend,3809,403
Tashio,Tashii,Tashioo,Tashioh,Tasheo,8740,882
Mongue,Monge,Monggue,Mongeue,Mongeu,6002,620
Fendler,Fendlerr,Fendller,Fendlar,Fendleer,2757,304
Kuberan,Kuberran,Kubberan,Kubeeran,Kuberann,4800,502
Kleinlercher,Kleinlercherr,Kleinlerchher,Kleinlercheer,Kleinlerchir,4552,474
Aplenc,Aplenk,Aplencs,Aplence,Aplencx,350,32
Rukavitsa,Rukavitsaa,Rukavitzsa,Rukavitsah,Rukavits,7598,772
Petlevannyy,Petlevannyyi,Petlevanny,Petlevannny,Petlevannyyu,6892,702
Müller-Morelli,Muller-Morelli,Müller-Morellii,Müller-Morell,Müller-Morelliyy,6186,638
Adefami,Adafami,Adephami,Adeffami,Adefamii,65,5
Viinikkala,Viinikkalaa,Viinikkalla,Viinikala,Viinikkal,9393,943
Isoniemi,Isoneimi,Isoniemy,Isonniemi,Isonniemii,3932,421
Beauchene,Beauchenne,Beauchennee,Beauchane,Beuchene,738,74
Bhesnia,Bhesni,Bhesniah,Bhesniaa,Bhesnyia,891,94
Ruppert,Rupert,Rupart,Rupprecht,Rappert,7605,773
Vanbiesbrouck,Vanbrouck,Vanbierbroek,Vanbiesbrook,Vanbruck,9235,928
Costilla,Castilla,Costello,Costilka,Costal,1809,195
Berthaux,Berto,Bertaux,Berthou,Berthold,856,88
Rinford,Winford,Rynford,Rinfrod,Rinforde,7421,747
Juvani,Jivani,Juvini,Juvain,Juvan,4156,438
McCormick-Gould,McCormick-Gold,McCormick-Could,McCormick-Goulde,McCormick-Goud,5696,595
Hascky,Hasky,Haski,Haskey,Haskie,3561,382
Merling,Murling,Marling,Merlung,Meurling,5813,607
Kaberlein,Koberlein,Kabeline,Kaberlin,Kaberleyn,4175,440
Rosenberger,Rosenburg,Rosenbarger,Rosenbauer,Rosenburgu,7521,762
Jaywardena,Jayawardena,Jaywardane,Jayawardaneh,Jaywarden,4028,430
Sandalow-Ash,Sandalowash,Sandalow-Hash,Sandalow-Ashley,Sandlowash,7733,787
Boustedt,Bustedt,Boostedt,Bousted,Boustead,1127,119
Scifers,Sifers,Skifers,Scyfers,Scaifers,7909,804
Barberena,Barrena,Barbarena,Barberina,Barberanea,639,61
Spoonman,Spooman,Spoomen,Spoomon,Spooonman,8384,848
Purzner,Purzler,Purznera,Purznar,Purzneer,7166,726
Vilailert,Vilailart,Vilailurt,Vilalert,Vilailerts,9394,944
Bonacka,Bonaka,Bonack,Bonackas,Bonaca,1060,109
Nightinglam,Nightingale,Nitinglam,Nitingale,Nitinglamme,6360,656
Bambis,Bamby,Bambies,Bambiz,Bambiis,609,57
Lasia,Lassia,Lashia,Lasiah,Lasiia,5015,526
Feagler,Fegler,Feagles,Feaglar,Fegaler,2734,300
Shadykina,Shadikina,Shedykina,Shadukina,Shadycina,8005,817
Klevstul,Klefstul,Klevshtul,Klepstul,Klevstol,4556,475
Avenant,Avenent,Avanant,Avenat,Avenentt,486,46
Begendik,Beggendik,Begandik,Begednik,Begendikk,756,77
Pyrrhus,Pyrrus,Pyrrhuss,Pirrhus,Pirhus,7175,727
Plantive,Plentive,Plentivee,Plantiev,Plantiv,6990,711
Kulchisky,Kultchisky,Kulchiski,Kulchyski,Kulkhisky,4823,505
Lebzelter,Lebselter,Lebzelther,Lebszelther,Lebzelteer,5070,528
Morriss,Moriss,Morrisss,Moris,Morrissi,6043,626
Benlebna,Benlebnah,Benlebner,Benlebnaa,Benlebnia,803,84
Kampatsi,Kamptasi,Kampatsii,Kampaatsi,Kamptsai,4259,447
Burgeron,Burgeon,Burgeronn,Burgeran,Burgerron,1285,136
Balázsfi,Balazsfi,Balaszfi,Balasfi,Balazfi,605,56
Konanchuk,Konantchuk,Konanchuck,Konanchuuk,Konanchukk,4646,485
Casaux,Cassaux,Casauux,Casax,Casauk,1467,153
Hurgunova,Hurgunovaa,Hurgunov,Hurgunava,Hurgonova,3813,404
Nadudvari,Nadudavri,Nadudvary,Nadudvariyy,Nadudvaree,6202,642
Inzko,Insko,Inzcko,Inzok,Inzkoo,3908,417
Guyevsky,Guevsky,Guyevskyy,Guyevskii,Goyevsky,3427,369
Syse,Sise,Sysee,Syyse,Syze,8629,871
Montmirel,Montmirrel,Montmirell,Montmirle,Montimrel,6020,622
Jofjell,Jofell,Jofjel,Joffjell,Jofjelld,4083,433
Elmorsi,Elmersi,Elmorsii,Elmorsy,Elmorsiiy,2561,276
Richard-Hingant,Richard Hingant,Richard-Hingantt,Richard-Hingannt,Richard-Hingent,7394,742
Coissieu,Coissieeu,Cossieu,Coissieuu,Coissieeuu,1743,181
Brazze,Braze,Brazzee,Brazz,Brazzei,1165,125
Sarathe,Sarthe,Saratheh,Sarath,Sarathhe,7766,793
Drivon-Delepiere,Drivon Delepiere,Drivon-Deleppiere,Driwon-Deleppiere,Drivon Deleppiere,2356,260
Gretner,Gretneer,Gretneir,Gretneri,Grettner,3317,357
Hvid-Møller,Hvid Moller,Hvid-Moller,Hvid-Møleer,Hvid-Møllerh,3819,406
Shastel,Shastell,Shastal,Shastul,Shastle,8036,823
Vizconde,Vizcounde,Vizcond,Vizcondi,Vizcondee,9435,949
Kodýtek,Kodetek,Kodytik,Kodytek,Kodeytek,4605,479
Anojan,Anojen,Anojin,Anojaan,Anojon,320,30
Simbahon,Simbaohn,Simbaon,Sembahon,Simbahno,8155,832
Dovom,Doovm,Dovon,Domov,Dovum,2332,256
Zulkarnian,Zulkarnyan,Zulkarniyan,Zulkarnia,Zulkarniany,9958,993
Sijen,Sijan,Sijenn,Sijin,Sijon,8147,831
Sudprawet,Sudprowet,Sudprewet,Sudprawett,Sudprawest,8543,864
Lenier,Leniar,Leneir,Lenir,Leneier,5112,534
Marreco,Marraco,Marrecco,Mareco,Marreoco,5591,584
Mccomish,McComish,McCcomish,Mccomishh,McComishh,5727,599
Pazhyangadi,Pazyangadi,Pazhyangady,Pazhiyangadi,Pazyangady,6810,689
Rieberger,Reiberger,Riebeger,Rieberer,Riebberger,7402,745
Chochulska,Chochulka,Chochulscka,Chochulsak,Chochuskla,1635,171
Cokery,Cokeri,Cookery,Cockeri,Cokary,1745,182
Chariere,Chariére,Charire,Chareire,Charierei,1559,159
Levantrosser,Levantrouser,Levantrosser,Levantroser,Levantrossser,5148,538
Kriván,Krivan,Kriivan,Krivvan,Kryvan,4767,498
Urrizola,Urizola,Urrizolla,Urrizolaa,Urrizol,9166,922
Baghil,Bagil,Baghill,Baghyl,Baghul,540,50
Totskiy,Totsky,Totskii,Tottskiy,Totskyy,8955,903
Lynden-Bell,Lyndenbell,Lynden Bel,Lynden-Belll,Lynnden-Bell,5351,554
Catellier,Cattellier,Cattelier,Catelier,Catellir,1488,154
Jongelen,Jogenlen,Jongellen,Jonglen,Jonngelen,4102,435
Stasiukyniene,Stasyukyniene,Stasiukiniene,Stasiukynienee,Stasiukynenie,8423,851
Hyrkkö,Hyrko,Hyrkkoo,Hyrkkoe,Hyyrkkö,3828,408
Chipol,Chippol,Chipoll,Cchipol,Chiipol,1628,170
Kromer,Kromee,Krommer,Kromir,Kromar,4769,499
Tarampi,Tarampie,Tarmpi,Tarampii,Tarambi,8729,880
Gaglieri,Gagleri,Gagliari,Gaglierie,Gaglerii,2974,325
Perewozi,Perewozy,Perewoziy,Perewoziie,Perewoziya,6861,700
Mihcioglu,Mihciogluu,Mihciogluo,Mihcio„?lu,Mihciogl,5863,610
Liasis,Liasys,Liasiss,Liassis,Liasies,5161,541
Demaratus,Demaratuss,Demaratuus,Demaratu,Demaratuos,2101,230
Ganota,Ganotta,Ganotaa,Ganotah,Ganotra,3017,331
Shabira,Shabiraa,Shabirah,Shabirra,Schabira,8002,816
Halicek,Halicekk,Haliceck,Halicec,Halicke,3502,376
Sakanis,Sakannis,Sakaniss,Sakanys,Sakains,7687,782
Ravish,Ravishh,Ravisch,Rawish,Ravis,7309,735
Druv,Druuv,Druvv,Druve,Druvr,2367,263
Gutiérrez-Ambrossi,Gutierrez-Ambrossi,Gutiérres-Ambrossi,Gutierrrez-Ambrossi,Gutiérrez-Ambrosi,3421,367
Ninnes,Nines,Niness,Ninnesse,Ninne,6376,658
Tomasovich,Tomasovic,Tomassovich,Tomasovitch,Tomasowich,8922,900
Holis,Hollis,Holiss,Hoolis,Holies,3732,395
Öztemur,Oztémur,Öztemür,Öztemurr,Oztemur,9995,998
Maulandi,Maulandy,Maulandie,Maulandii,Maullandi,5657,591
Kumpinski,Kumpinskii,Kumpinsky,Kumpinsk,Kumpenski,4831,507
Klisenko,Klisenkoo,Klisenck,Klissenko,Klisennko,4561,476
Threloff,Threlfoff,Threlof,Threlofff,Threllolf,8849,894
Cuellar-Garcia,Cuellar-Garcéa,Cuellar-Garciia,Cuelar-Garcia,Cuellarr-Garcia,1870,206
Ross-Mitchell,Ross-Mitchel,Ross-Mitchelll,Ross-Mitcheel,Ross-Mitchhell,7530,764
Byloo,Bylooo,Bylo,Byloooh,Byloou,1322,138
Strava,Stravva,Stravaa,Stravah,Strav,8490,857
Ardivat,Arddivat,Ardivatt,Ardiwat,Ardewat,377,35
Iteney-Martin,Iteney-Martinn,Iteney-Martinne,Iteney-Matrinn,Itaney-Martin,3940,423
Vicquenault,Vicquenalt,Vicquenaullt,Vicquenaultt,Vicquenaulth,9382,941
Yarosz,Yarossz,Yaroszz,Yaros,Yaross,9741,972
Rohden,Rooden,Rohdden,Rohen,Rolden,7487,759
Karzel,Karsel,Karzal,Karsell,Karzle,4335,454
Cadzow-Smith,Kadzow-Smith,Cadsow-Smith,Cadzow-Smithe,Cadzow-Smuth,1359,143
Brannelec,Brannalec,Brannaleck,Branelec,Branalec,1150,123
Fayman,Faiman,Faymen,Fyaman,Faeman,2730,298
Cerkezov,Serkezov,Cerkazov,Cerkezof,Cerkezow,1524,158
Dymow,Dimow,Dymov,Dymo,Dyomw,2434,269
Seretan,Saretan,Seretann,Seretian,Seritan,7977,813
Pilarcik-Tellez,Pilarcik-Tellezz,Pilarcik-Tellezze,Pilarcik-Telles,Pilarcik-Tellec,6946,709
Felhaurer,Felhauer,Felhaurr,Felhaurier,Felhawer,2751,302
Shibazz,Shibaaz,Shibaz,Shibaas,Shibaazz,8065,827
Slabek,Slaebk,Slabeck,Slabec,Slabekk,8241,838
Futterson,Futersson,Futersonn,Futtersson,Futtersonne,2955,322
Yuanlae,Yuannlae,Yuanlaee,Yuaanlae,Yuanale,9785,977
Shahayatri,Shahayatry,Shahayetri,Shahayatari,Shahayatiri,8008,819
Rucquoy,Ruccoy,Rucquoi,Ruccuoy,Rucquooy,7581,770
Marvelettes,Marvelletes,Marveletees,Marveletttes,Marvlettes,5610,587
Bagschik,Bagshik,Bagschikk,Baggshik,Bagschiik,544,51
Betting-Fuentes,Beting-Fuentes,Betting-Fuentess,Betting-Fuentez,Betting-Fuentees,878,91
Bejarno,Bejarnoo,Bejarni,Bejarnow,Bejorno,768,78
Riba-Abizanda,Riba-Abizandaa,Riba-Abizand,Riba-Abezanda,Riba-Abizzanda,7390,740
Decerf,Deceerf,Decerff,Decerfe,Decerph,2050,226
Bezrucová,Bezrucova,Bezrucovaa,Bezzrucová,Bezruckova,881,92
Senoy,Sennoy,Senooy,Sneyo,Sennnoy,7970,810
Szinicz,Szinizz,Sziicz,Sinicz,Sziniczzi,8643,873
Strand-Jordan,Strand-Jorden,Strand-Jodan,Strand-Jordann,Strand-Jourdan,8486,856
Tuomi-Nikula,Tuomi-Nikulla,Tuomi-Nikkula,Toumi-Nikula,Tuomi-Nikulaa,9079,911
Mulivai,Mulivay,Mulivae,Mulivaii,Mulivaai,6110,632
Alibeet,Alibeett,Alibet,Aliibeet,Alibeettt,206,19
Al-Mudarris,Al-Mudares,Al-Mudariss,Al-Mudariz,Al-Mudarrisss,156,15
Briede,Bried,Brieede,Brieed,Briedee,1194,128
Farina-Schroll,Farina-Shroll,Farina-Schrol,Farina-Schrolll,Farina-Schrall,2709,293
Emintseva,Emintzeva,Emintseeva,Eminentseva,Emintceva,2572,279
Sahverdiyev,Sahverdiye,Sahverdivyev,Sahverdyyev,Sahverdiyef,7679,781
Vilogorac,Villogorac,Vilogoracc,Vilogora,Vilogorak,9405,947
Krzywicka-Kaindel,Krzywica-Kaindel,Krzywicka-Kaindell,Kryzwicka-Kaindel,Krzywika-Kaindel,4790,501
Ionesyan,Ionesian,Ioneysan,Ionessian,Ionesyian,3911,418
Dibitonto,Dibitontoo,Dibitontto,Dibitont,Dibitontoe,2193,237
Rodvaldr,Rodvalder,Rodvadlr,Rodvald,Rodvalddr,7470,757
Malessardi,Malessardii,Malessarde,Malessardiie,Malessard,5478,573
Matagrano,Matagranoo,Matagran,Matagranoe,Matagranno,5636,590
Neculcea,Neculceaa,Neculce,Neculceea,Neculcia,6285,649
Albao,Albaoo,Albbao,Albaoe,Albaoi,173,16
Horeftari,Horeftarri,Horefari,Horeftary,Horeftarii,3754,399
Wienowski,Weinowski,Wionowski,Wienowsky,Wienowskii,9628,964
Keuscher,Keuschr,Keuscherr,Keusshcer,Keusher,4438,461
Herhard,Herhardt,Herrhard,Herhardd,Hehrard,3645,388
Khweshiwe,Khweshiw,Khweshiewe,Kwheshiwe,Khweshiiwe,4487,467
Weiyi,Weiyyi,Weiyii,Weiiyi,Weiy,9580,959
Zizine,Zizinee,Zizyne,Zizinei,Ziziine,9930,990
Hoodie,Hoodiie,Hoddie,Hoodiee,Hooide,3750,397
Colchester,Colchesterr,Colchestor,Collchester,Colchestar,1748,184
Sullmann,Sullman,Sulmannn,Sullmman,Sullmenn,8561,866
Thomhav,Thomhaav,Thomhavv,Thomhaw,Thomhaff,8842,893
Gänßlein-Zeit,Gaensslein-Zeit,Gaenslein-Zeitt,Gaenslein-Zeit,Gaenßleinzait,3438,371
Fritz,Fritzz,Frtiz,Frtizt,Frits,2920,319
Sundbrink,Sundbrrink,Sundbrinck,Sundbrin,Sundbrinnk,8572,868
Azoulay,Azoulai,Azouley,Azoulaay,Azoullay,512,48
Struchiner,Struchinerr,Struchinre,Stru?iner,Struchinner,8503,861
Vembutty,Vembuttyy,Vembutti,Vembut,Venbuty,9325,937
Hörnfeldt,Hoernfeldt,Hornfelt,Hornfeld,Hournfeldt,3837,410
Sanrey,Sanray,Sainrey,Sanry,Sanery,7752,790
Antoniolo,Antonilo,Antonioli,Antonoilo,Antonielo,334,31
Barmazel,Barmazle,Barmazelz,Barmazell,Barmazal,658,63
Leveleki,Leveleky,Levelekiy,Levelekie,Levelekki,5149,539
Caragnini,Caragniini,Caragnnini,Caragninni,Caragninii,1427,148
Escare,Esccare,Ecsare,Escaare,Escarrae,2615,286
Ugtohan,Ugtahan,Utohan,Ugttohan,Ugtohann,9130,918
Creveuil,Creveil,Creveuill,Creveull,Creveuilu,1844,201
Umpfenbach,Umpfenbch,Umpfenbahc,Umpfembach,Umpfenbah,9147,919
Eggonopoulou,Eggonopulu,Eggonopoulu,Egonopoulou,Eggonopoulloo,2495,271
Gemander,Gemadner,Gemendar,Gemanderer,Gemanderr,3096,336
Arvanitidi,Arvanitidiy,Arvanitidy,Arvannitidi,Arvainitidi,411,39
Kleinhandler,Kleinhandlerr,Kleinhanler,Kleinhandelr,Kleinhandeler,4550,473
Duijtshoff,Duijtsoff,Duijtschoff,Dujitshoff,Duijtschof,2398,266
Dufault-Roy,Dufault Roy,Dufault Royy,DufaultrRoy,Dufault-Roi,2393,265
Joutseno,Joutsenoo,Joutsenno,Joutseno,Joutsenou,4120,436
Gerych,Geryhc,Gerysh,Gery?,Geryc,3125,341
Evera,Everaa,Everra,Evara,Eevra,2656,289
Bartlick,Bartlik,Bartliick,Bartlickk,Burtlick,678,67
Wolkstein,Wolstein,Wolkstien,Wolkstine,Vvolkstein,9680,968
Mastros,Mastoes,Mastrosz,Mastrros,Mastors,5633,589
DeVorkin,De Vorkin,DeVorkinn,De Vorkinn,DeVorkin,2041,225
DSarma,Dsarmaa,DSaarma,DSarmma,DSarama,1912,211
Bartrons,Bartronz,Bartronsz,Bartronns,Battrons,681,68
Tulard,Tulart,Tullard,Tulardd,Tularda,9073,909
Briach,Briaach,Briaachh,Briacch,Briaich,1185,127
Charoensaengsanga,Charoensangsanga,Charoensaengsangaa,Caroensaengsanga,Charoensengsanga,1564,161
Tatarinceva,Tatarincevaa,Tatarincev,Tatarnceva,Tatarincevva,8744,884
Kallipolitis,Kallipolitisz,Kallipolitiss,Kallipolitisss,Kallipollitis,4239,444
Ringhoeven,Rinhoeven,Ringhoevan,Ringhoven,Ringheoven,7424,748
Jelti,Jelti,Jeltie,Jeltii,Jelty,4041,431
Danello,Danello,Danelllo,Danelloo,Daneloo,1965,217
Guo'An,GuoAn,Guoan,Guo-An,GuoAnn,3408,364
Kashouty,Kashouty,Kashouti,Kashoutty,Kashoutey,4346,456
Lorn-Krause,Lorn-Krause,Lornkrause,Lornkraus,Lorn Krause,5274,549
Suluape,Suluape,Suluaape,Suluepa,Sulapae,8563,867
Aguilar-Gomez,Aguilar-Gomez,Aguilar-Gomezz,Aguilar-Gommez,Aguilar-Gomex,101,7
Sanfrey,Sanfrey,Sanfry,Sanfreyy,Sanferny,7742,788
Magcase,Magcase,Magcaase,Magcasse,Magcas,5425,567
Dorean,Dorean,Doreann,Doren,Doreen,2313,253
Lahoues,Lahoues,Lahooues,Lahouse,Lahouees,4946,518
Bararon,Bararon,Barroon,Barrayon,Barren,632,60
Tsabrou,Tsabrou,Tsabroou,Tsabrrou,Tsaabrou,9031,907
Christenin,Christenin,Christeninn,Christenen,Christenyn,1654,172
Bhageerutty,Bhageerutty,Bhageerutti,Bhageeruty,Bhageerutyy,883,93
Rachok,Rachok,Rachoook,Rachock,Rachokk,7221,730
Didden,Didden,Diddeenn,Diden,Dideen,2198,239
McKiddie,McKiddie,McKidiie,McKiddee,McKidy,5716,598
Fenstermacher,Fenstermacher,Fenstermacherr,Fenstermacheer,Fenstermakker,2759,306
Prondzinsky,Prondzinsky,Prondzinski,Prondzynsky,Prondzynski,7133,724
Severino-Geysen,Severino-Geysen,Severino-Geissen,Severino-Gysen,Severino-Geysenn,7995,814
Madras-Steiner,Madras-Steiner,Madras-Steinerr,Madras-Stainer,Madras-Steyner,5417,564
Avtziyiannis,Avtziyiannis,Avtziyianis,Avtziyianniss,Avtziyyiannis,495,47
Vaiciunis,Vaiciunis,Vaiciuniss,Vaiiciunis,Vaciunis,9199,923
Menkudale,Menkudale,Menkudaale,Menkuddale,Menkudaile,5795,604
Knaupp,Knaupp,Knaup,Knauppp,Knaaupp,4578,478
Miller-Coburn,Miller-Coburn,Miller-Coburrn,Miller-Cobur,Miller-Coburr,5886,611
Kassiem,Kassiem,Kassiim,Kasseim,Kassiiem,4353,457
Thurstlic,Thurstlic,Thurstick,Thurstlick,Thurzstlic,8858,895
Valliere,Valiere,Vallieree,Vallierea,Vallyere,9226,924
Diesner,Deisner,Diesnar,Daisner,Diisner,2206,241
Kührer,Kuhrer,Kührar,Kuhhrer,Kürher,4906,515
Tasoff,Tassoff,Tasof,Tassofe,Tasofff,8741,883
Gurses,Gursess,Gursse,Gursses,Gurseez,3412,365
Meissner,Meisner,Meisnner,Meissneer,Meissnerr,5766,601
Pagdiwala,Pagdiwalaa,Pagdewala,Pagdiwalla,Pagdiwal,6674,681
Nestyorkina,Nestiorkina,Nestyorkinna,Nestyorkin,Nestyorqina,6316,653
Indragunawan,Indragunawann,Indragunanaw,Indragunnawan,Indraagunawan,3892,416
Avarsky,Avarski,Avarskyy,Avarskey,Avarskye,482,45
Young-Ian,Youngian,Youn-gIan,Young-ian,Youngiian,9776,974
Legnerová,Legnerova,Legnerovaa,Legnerov,Legnerové,5083,529
Hasenteufel,Hasanteufel,Hasenteuffel,Hasentaeufel,Haseunteufel,3564,383
Schorlemmer,Schorlemmerr,Schorlemer,Schorlemmmer,Schorlemmee,7888,802
Bratzz,Bratz,Brattz,Bratzze,Bratzzz,1157,124
Krasniewska,Krasnievska,Krasniewskia,Krasniewskaa,Krasniewscka,4736,496
Cattelona,Cattelonna,Cattelonaa,Cattelonn,Cattelone,1494,155
Fiumefreddo,Fiumefredo,Fiumefreddoo,Fiumefredoo,Fiumefredd,2826,313
Rafin,Raffin,Rafinn,Rafiin,Raafin,7237,732
Batistella,Batisstella,Batisstela,Batistellaa,Batistella,711,70
Koperdowska,Koperdovska,Koperdowskka,Koperdowski,Koperdowsak,4658,486
Carrone,Carone,Carronne,Carronnee,Caronnee,1455,152
Izylowski,Izylowsky,Izyllowski,Izylowskii,Izyloowski,3958,424
Ekis,Ekiis,Eekis,Ekiss,Ekys,2520,273
Ryplewski,Ryplewskii,Ryplevski,Rypleski,Ryplewska,7626,775
Loignan,Loignann,Loignaan,Loignanee,Loinan,5247,547
Öztunc,Oztunc,Öztunk,Öztuncck,Öztuncs,9996,999
Spencer-Laitt,Spencer-Lait,Spenser-Laitt,Spencer-Laytt,Spencer-Layt,8367,845
Fushida,Fushidah,Fushyda,Fushidaa,Fushiida,2954,321
Madsen-Garza,Madsen-Garzza,Madssen-Garza,Madsen-Garz,Madsen-Garsa,5418,565
Sakovic,Sakowic,Sakovik,Sakowick,Sakovick,7692,783
Boeres,Bores,Borees,Borres,Boerres,1010,106
Hogganvik,Hogganvic,Hogganvicck,Hoggenvik,Hogganvick,3719,394
Paskal,Pascal,Pasckal,Pascall,Paskall,6772,687
Gromon,Groman,Grommon,Gromonn,Gromoen,3340,359
Peretolchin,Peretolshin,Peretolchinn,Peretolschin,Peretolschinn,6860,699
Ablola,Ablolla,Ablolaa,Ablolah,Albola,33,2
Rudtf,Rudtff,Rudtph,Rudth,Rudt,7587,771
Körmer,Koemer,Kormer,Koermer,Körmeer,4901,513
Corbetta,Corbeta,Corbata,Corbettaa,Corbetah,1782,189
Kravinskiy,Kravinski,Kravinskiyy,Kravinsky,Kravinskii,4741,497
Tyralla,Tyrallah,Tyrallaah,Tyrallha,Tyrallaha,9109,913
Chiatula,Chiatulla,Chiatulaa,Chiatulah,Chiatullah,1614,167
Stassinet,Stassinett,Stasinet,Stasinnet,Stassinettt,8424,852
Adams-Perron,Adams Perron,Adamsperron,Adam-Perron,Adamsperronn,61,4
Possobon,Possobonn,Possobonnn,Posobon,Posobonn,7071,719
Nikirk,Nirkik,Nikirrk,Nkirik,Nikirik,6367,657
Kronmark,Kronmarck,Kronmrk,Kronmarrk,Kronmarc,4773,500
Quagmire,Quagmir,Quagmyr,Quagmiree,Quaqmire,7193,729
Bragilevskaya,Bragilevskaia,Bragilevskayah,Bragilevskayaa,Bragilevskaiya,1142,122
Banotra,Banotrra,Banotara,Banotrraa,Banotrah,618,58
Tellwright,Tellwrigth,Telwright,Tellwrighht,Tellwrigh,8783,889
Kaisa,Kaisaa,Kaisah,Kaissa,Kaisza,4204,442
Isyakarima,Isyakarimaa,Isyakarimah,Isyakarimaaa,Isyakarim,3937,422
Bergareche,Bergarech,Bergarechhe,Bergarechee,Bergarecha,828,87
Guywanga,Guywangaa,Guywangah,Guywangaaa,Guywang,3429,370
Suwier,Suwierr,Suwirer,Suwir,Suwieer,8603,870
Hyldekrog,Hyldekrogg,Hyldekroggh,Hylderkrog,Hyldekrug,3826,407
Stenow,Stenoww,Stenowh,Stenov,Stenovv,8448,853
Spivacke,Spivackee,Spivack,Spivacki,Spivakke,8379,847
Haush,Hausch,Housh,Hauzh,Hauch,3582,385
Rickle,Rikle,Ricle,Ryckle,Rikkle,7398,744
Gadhi,Gadi,Gahdi,Gadhhi,Gadhy,2969,324
Kärnberg,Kaernberg,Karnberg,Kärnburg,Kärnbergh,4893,511
Birve,Berve,Birvie,Birvve,Birvee,952,101
Doskocilová,Doskocilova,Doskocilovaa,Doskocilové,Doskocilovi,2324,255
Teporelli,Teporeli,Teporelly,TeporelIi,Teporelil,8795,890
Nahikian,Nahikyan,Nahikiaan,Nahikien,Nahikia,6213,644
Nissen-Petersen,Nissenpetersen,Nisen-Petersen,Nissen Petersen,Nissen-Pettersen,6383,659
Porsbjer,Porsbjerr,Porsbier,Porbjer,Porsbjér,7063,717
Malyk,Malick,Malyck,Maliik,Malykk,5503,575
Peippola,Peipola,Peippolla,Peppola,Peipolla,6827,692
Wereschtschako,Wereschtschakoo,Wereschtschakow,Wereschtschacoo,Wereschtschakkoo,9594,960
Sereday,Seredai,Seredey,Seredday,Sereaday,7975,812
Dobberske,Dobbreske,Dobbersk,Dobberskee,Dobberska,2261,246
Chiengthong,Chienthong,Chiengthongg,Chengthong,Chienngthong,1618,168
Carltastro,Carltastroo,Carltastrov,Carltastroh,Carltastrof,1441,150
Fontbona,Fontbuna,Fontbonna,Fonthona,Fountbona,2861,315
Denilovici,Denilovic,Denilovicii,Denilovicy,Denilowici,2115,232
Dundgekar,Dundgekaar,Dundghekar,Dungekar,Dundjekar,2411,267
Kurdjumow,Kurdjumov,Kurdjumoo,Kurdjumovv,Kudjumow,4845,508
Dalla-Fiore,Dalla Fiore,Dallafiore,Dalla-Fioree,Dalla-Fiori,1946,214
Skerlj,Skerl,Skerj,Skerll,Skerli,8217,835
Fouré,Fouree,Fouré,Foure,Fourée,2882,318
Cintemane,Cintemanee,Cintemaine,Sintemane,Tintemane,1689,176
Rius,Riuus,Riu,Riius,Riuss,7436,752
Niyitunga,Niyitungha,Niyitungaa,Niyitunghaa,Niyitung,6391,660
Asder,Asdeer,Ashder,Asderr,Asde,419,40
Danacheese,Danachese,Danacheeze,Danachcheese,DannaCheese,1960,216
Bauckloh,Baucklohh,Baukloh,Baucklo,Baucloh,718,72
Fearron,Feareron,Feerron,Featron,Fearrun,2736,301
Manlow,Manloww,Manlo,Mannlow,Maanlow,5532,579
Keyet,Keyett,Keet,Kyeet,Kkeyet,4443,464
Weatherall,Wetherall,Weatheral,Watherall,Weatherrall,9561,956
Anderson-Berens,Andersson-Berens,Anderson-Berns,Anderrson-Berens,Aanderson-Berens,288,26
Jenövári,Jenovari,Jenoovari,Jenövaari,Jenovarii,4048,432
Vendelová,Vendelova,Vendllova,Vendelovaa,Vndelova,9327,938
Hallakorpi,Halakorpi,Hallakorp,Halkorpi,Hallakorpii,3507,378
Bope,Boppe,Boope,Bopee,Bopp,1082,113
Santalahti,Santalathi,Santalhtii,Santalhati,Santalahty,7755,791
Scheulen,Scheulenm,Shceulen,Scheuleen,Scheuleln,7847,799
Morlath,Morlaath,Morllath,Morlatth,Morlathh,6033,623
Lakshiminarayanan,Lakshiminarayan,Laksiminarayanan,Lakshiminaraayanan,Lakshiminarayana,4958,521
Tremblay-Beauvais,Tremblay-Beauvai,Tremblay-Beauvaiss,Tremblay-Beauvaisse,Trembley-Beauvais,8996,905
Astrosky,Astroski,Astroosky,Astrossky,Astrokys,439,41
Smoliakova,Smoliakoba,Smoliakvoa,Smoliakovaa,Smoliakvo,8278,840
Pellicini,Pelliciini,Pelllicini,Pellicinni,Pelliccini,6836,693
Verardos,Verardoos,Verarodos,Verardoss,Verardo,9338,939
Visnie,Vissnie,Visniie,Visnii,Visnei,9423,948
Bentkowska,Bentkowskka,Bentkowski,Bentkowksa,Bentkowsak,814,85
Zachau,Zachaau,Za?au,Zachhau,Zachauu,9810,980
VanWell,VanWeell,VanWel,VanWeel,VannWell,9234,927
Veeragavan,Veeragaavan,Veeragavaan,Veeragavanm,Veeragavann,9306,935
Rodillas,Rodilllas,Rodillaas,Rodillass,Rodillasz,7465,756
Daripa,Daripaa,Dariipa,Darippa,Daripah,1990,222
Graiver,Graivver,Graveri,Grayver,Gravier,3292,354
Gnieski,Gnieskii,Gniesk,Gniesski,Gnieksi,3223,348
Kapsokoli,Kapsokolii,Kapsokkoli,Kapsokol,Kapsokoly,4293,451
Kpoti,Kpotti,Kpotii,Kpot,Kpoty,4725,494
Dantay,Dantaay,Dantai,Dantayy,Dantahy,1978,220
Mwongi,Mwongee,Mwongy,Mwonghi,Mwongo,6160,636
Kiernann,Kierman,Kiernan,Kierrnan,Kierenan,4500,469
Ogaldez,Ogladez,Ogaldes,Ogalez,Ogaldezz,6513,666
Tofler-Riesel,Tofler-Riesal,Tofler-Reisel,Tofler-Rieselz,Tofler-Riesell,8910,899
Bettega,Betteja,Bettegaa,Betega,Bettegah,877,90
Scheski,Scheskie,Scheksi,Shceski,Sheski,7845,798
Hackell,Hackel,Hackelle,Hacell,Hackelh,3465,372
Struble,Strubel,Strubele,Strublle,Strublee,8502,860
Pokhrankar,Pokhrankare,Pokhrankor,Pokhrancker,Pohkrankar,7024,713
Basley,Basly,Baseley,Basely,Basleey,698,69
Werndorff,Werndorf,Wendroff,Wendorff,Wernndorff,9596,962
Brotánek,Brotanek,Brotaanek,Brotanik,Brotaneck,1219,130
Kevad,Kevadd,Kedav,Kevaad,Kevaddd,4439,462
Roukouz,Rukouz,Roukouzz,Roukous,Roukouzze,7550,766
Donnester,Donnester,Donnesterr,Donnesterh,Donnestar,2306,251
Yalowitz,Yalowiz,Yalowittz,Yalowits,Yalowtiz,9727,971
Belousov-Rogovskiy,Belousov-Rogovsky,Belousov-Rogovskii,Belouzov-Rogovskiy,Belousov-Rogofskiy,783,80
Kostinenko,Kostynenko,Kostinenok,Kostinienko,Kostienko,4692,490
Szlanka,Szlana,Szlankaa,Szlankka,Szlankah,8646,874
Storrie,Storry,Storri,Storree,Storrii,8475,855
Gibrelli,Gibreli,Gibrellii,Gibrell,Gibrellia,3151,344
Aiemniyom,Aiemniyomm,Aiemniom,Aiemniiom,Aiemniyomh,119,11
Rogallo,Rogalo,Rogalllo,Rogall,Rogaloo,7476,758
Szandi,Szandii,Szandei,Szaandi,Szandie,8633,872
Blitek,Bliteck,Blittek,Bliitek,Blitak,989,105
Boor,Boorr,Bur,Borr,Booer,1079,112
Dadò,Dado,Dadoo,Daddo,Dadoh,1922,213
Lhoir,Lhoire,Lhoirre,Lhoirh,Lhoirr,5160,540
Bägust,Bagust,Baegust,Bägusst,Bägut,1334,141
Stip,Stipp,Stiip,Steep,Sthip,8458,854
Sukarya,Sukariya,Sukariyah,Sukaryaah,Sukaryah,8551,865
Khabil,Kabhil,Khabill,Khabiil,Khabil,4444,465
Ufacik,Ufackik,Ufasik,Ufaciik,Ufacick,9128,917
Dieuphel,Dieupheil,Dieupheal,Dieupheul,Dieuphelh,2210,242
Charmack,Charmak,Charmac,Charmakc,Charmaack,1563,160
Indihar,Indihaar,Indiharh,Indihaarr,Indiha,3891,415
Elfeekak,Elfeekik,Elfeecak,Elfeekac,Elfekak,2539,275
Kokmeijer,Kokmeijerr,Kockmeijer,Kokmijer,Kokmeyer,4618,480
Sachas,Sachass,Sachaas,Sachhas,Sacha,7659,778
Bergantinos,Bergantinosz,Berganitnos,Bergantinoss,Berantinos,826,86
Proiettis,Proiettiss,Proietis,Proietys,Proietyss,7131,723
Warnan,Warnen,Waran,Warnon,Warnaan,9536,953
Monosorate,Monosoratee,Monosorrat,Monosorratt,Monosorrate,6006,621
Kutzli,Kutzlie,Kutzlai,Kutzlii,Kutslie,4868,509
D'León,Dleón,Dleon,DLeonn,Dleonn,1908,209
Zamblé,Zamble,Zambllé,Zamblée,Zamblé,9844,985
Markouizos,Markouizoss,Markouzos,Markouyzos,Markuizos,5580,583
Aartse-Tuyn,Aartse-Tuynn,Aartse-Tyn,Aartse-Tuyne,Aartse-Tuyyn,8,1
Bedoev,Bedoevv,Bedoeff,Bedoeva,Bedoevz,749,75
Ribits,Ribitts,Ribitsz,Ribitss,Ribitsi,7391,741
Balyali,Balyyali,Balyalii,Balyalli,Balyalei,603,55
Kirov,Kirrov,Kirovv,Kirou,Kirof,4524,470
Araúzo,Arauzo,Arauzzo,Araúzoo,Araúzoh,368,34
Malzahn,Malzhaan,Malzahnn,Malzahm,Malzahh,5504,576
Rovetti,Rovetty,Rovettti,Rovety,Rovetti,7559,768
Durmola,Durmolaa,Durrmola,Durmolla,Durmolaah,2423,268
Hanslien,Hanslienn,Hanslean,Hansliin,Hanzlien,3530,381
Marshall-Hart,Marshal-Hart,Marshll-Hart,Marshall-Hrt,Marshall-Haart,5592,585
Smith-Florence,Smith-Florenc,Smith-Floreence,Smit-Florence,Smith-Florenz,8271,839
Ostafinski,Ostafinsky,Ostafinske,Ostafinskii,Ostafinsk,6622,679
Devireddy,Devireddi,Devirreddy,Deviraddy,Devirredy,2164,236
Naudet,Naudett,Naudey,Naude,Naudete,6263,647
Szymborska,Szymboreska,Szymoborska,Szyborska,Szybomorska,8657,875
Whines,Wines,Whynes,Whine,Whyns,9609,963
DeMallie,DeMalie,DeMali,DeMally,DeMalle,2030,224
Finohr,Finoor,Finor,Finhor,Finohr,2809,311
Nadrasik,Nadrazik,Nadrasic,Nadrasick,Nadrasuk,6200,640
Tirras,Tiraz,Tiras,Tirasu,Tirrasa,8893,898
Bigley,Bigly,Bigely,Bigleyy,Biglley,920,98
Daddeh,Dadeh,Dadey,Daddah,Dade,1918,212
Fajnburg,Fainburg,Fajnberk,Fainberk,Fajnburgg,2684,292
Yushchenko,Yushchenkoo,Yushcenko,Yuschenco,Yushchenk,9797,979
Emurli,Emurlie,Emurlu,Emurley,Emurla,2579,280
Soudée,Soudee,Soudé,Soudée,Soudi,8349,843
Dertelus,Dertellus,Dertelius,Dertelos,Derteluss,2140,235
Kapetanaki,Kapetanakiy,Kapetanaky,Kapetanakii,Kapetanakee,4284,450
Couchant,Couchantt,Coochant,Couchent,Couchan,1817,196
Angeria,Ageria,Angeriya,Angerria,Angerya,306,29
Brehinier,Brehineer,Brehinir,Brehiniar,Brehinierii,1175,126
Auzas,Auzass,Auzaz,Auzes,Auzaa,478,44
Zlowinski,Zlowski,Zlownski,Zlowskiy,Zlowynski,9932,991
Ortos,Orthos,Ortoss,Orto,Ortus,6608,677
Kyrcz,Kyrzc,Kircz,Kyrczz,Kyrc,4887,510
Pochs,Poches,Pochss,Poch,Pochz,7017,712
Gianpolos,Gianpoulos,Gianpolus,Gianpolosy,Gianpolo,3144,342
Melhuish,Melhuysch,Melhuishh,Melhuisch,Melhuysc,5779,602
Lobdell,Lodbell,Lobdel,Lobdelle,Lobbell,5231,544
Hoertling,Hoertlung,Hoertlin,Hoertlling,Hoerttling,3716,393
Mirucki,Miruck,Miruckii,Mirucke,Miruckey,5921,615
Phillips-Stumberger,Philips-Stumberger,Phillps-Stumberger,Philips-Stumburger,Phillips-Stumbergar,6921,704
Buonemani,Bonemani,Buonemanii,Bounemani,Buonemanni,1279,134
Danthanarayana,Danthanaraynana,Danthanarayanna,Danthanarayna,Danthnarayana,1980,221
Mandarin,Mandaryn,Manderyn,Mandarinn,Mandrin,5511,577
Abunda,Abunda,Abundaa,Abundah,Abundar,42,3
Polukarov,Polukaroff,Polukarovv,Polukharov,Polukarove,7042,715
Retondo,Retondo,Retondoo,Retondoh,Retondoa,7370,738
Orasche,Orasche,Orashee,Orasch,Oraschhe,6591,675
Gibbens,Gibens,Gibbenz,Gibbenzz,Gibbenns,3148,343
Cisternelli,Cisterneli,Cisternely,Cisternelli,Cisternelly,1695,178
MacCleary,MacClearry,MacLeary,MacCleery,MaCleary,5378,558
Arimiche,Arimice,Arimichi,Arimeche,Arimicche,388,37
Hodger,Hodgeer,Hodger,Hodgear,Hodeger,3711,391
Ruysdael,Ruisdael,Ruydael,Ruysdaal,Ruyssdael,7615,774
Highcock,Higcock,Highcok,Highcokk,Highcoch,3679,389
Narancsimeg,Narancsimegg,Narancsimej,Naran?imeg,Narancsimig,6241,646
Chetang,Chetan,Cheteng,Chetaang,Chetanng,1605,165
Varichon,Varishon,Varrichon,Varychon,Varichhon,9262,931
Jasil,Jasill,Jaisel,Jasiil,Jassil,4015,428
Gilimzyanov,Gilimzianov,Gilimzyanoff,Gilimzhanov,Gilimzyanow,3166,346
Piggeries,Piggeriees,Pigeries,Piggeriess,Piggeries,6938,708
Danias,Danias,Daniaz,Daniiias,Daniasz,1972,218
Varesio,Varesio,Varresio,Varesiio,Varesiho,9258,929
Sirman,Sirmann,Serman,Sirmaan,Sirmen,8193,834
Mahatho,Mahato,Mahathoo,Mahathoh,Mahatoh,5430,568
Piepenbrink,Piepenbrik,Piepenbrinck,Piepenbrin,Piepenbrnink,6935,707
Erbrecht,Erbrecht,Erbreecht,Erbreccht,Erbrechht,2596,283
Naether,Nather,Naehter,Naethar,Natherh,6207,643
Ohamkhal,Ohamkal,Ohankhal,Ohamkhel,Ohamkahl,6519,667
Cohn-Vargas,Cohn-Vargass,Cohn-Vargaas,Cohn-Vargaz,Cohn-Vargus,1741,180
Gutbier-Zakrzewska,Gutbier-Zakrzewska,Gutbier-Zakrzewskaa,Gutbier-Zakrzewskaah,Gutbier-Zakrzewski,3418,366
Rothau,Rothau,Rothaau,Roothau,Rohtau,7538,765
Domrane,Domrane,Domraane,Domren,Domranee,2299,249
Camontes,Camontes,Camontees,Camontez,Camonte,1397,146
Ways,Ways,Waays,Wais,Wayss,9558,955
Parfrey-Sambrooks,Parfrey-Sambrooks,Parfrey-Sambrookss,Parfrey-Sambooks,Parfry-Sambrooks,6742,685
Zatezalo,Zatezalo,Zatezzalo,Zattezalo,Zatezaloo,9869,988
Reuschenberg,Reuschenberg,Reuschenber,Rueschenberg,Reuschenberrg,7376,739
Missinen,Missinen,Missinenne,Missinenn,Missin,5930,616
Fersling,Fersling,Ferslingg,Ferslin,Fersliing,2772,307
Rosinsky,Rosinsky,Rosinski,Rossinsky,Rozinsky,7527,763
Tarowski,Tarowski,Tarowsky,Tarovski,Taroowski,8735,881
Damarin,Damarin,Damarinn,Damarrin,Damerin,1953,215
Escuzar,Escuzar,Escuzaar,Escuzaer,Escuzarr,2619,287
Barey,Barey,Baarey,Barrey,Bary,651,62
Havig,Havig,Hvaig,Havigg,Haavig,3586,387
Barnik,Barnik,Barnick,Barniik,Barmik,663,64
Tultar,Tultar,Tultarr,Tultaar,Tulthar,9075,910
Galbaith,Galbaith,Galbeith,Galbath,Galbait,2984,328
Potschke,Potschke,Potschkee,Potscke,Potschka,7077,720
Boogh,Boogh,Boog,Bogh,Boohg,1078,111
Köppen,Köppen,Koeppen,Koepen,Koppen,4900,512
Rirsasarn,Rirsasarn,Rirsasarrn,Rirsaasrn,Rirsasar,7432,750
Rayya,Rayya,Raaya,Rayyaah,Rayah,7313,736
Udomaksorn,Udomaksorn,Udomaksornn,Udomaksoorn,Udomakzorn,9127,916
Traughbur,Traughbur,Traughbuur,Traughburr,Troughbur,8981,904
Bahit,Bahit,Baaht,Bahitt,Bahet,547,52
Gohzlan,Gohzlan,Gohzlann,Gohzlaan,Gohslan,3237,349
Seyfert,Seyfert,Seyffert,Seifert,Seyferth,7998,815
Sickling,Sickling,Sicklin,Sickkling,Siclingg,8129,828
Kosmack,Kosmak,Kozmack,Kozmak,Kosmac,4682,488
Ikezaki,Ikesaki,Ikesaky,Ikezaky,Ikezakee,3870,413
Dorozovec,Dorozoveck,Dorozovac,Dorozovic,Dorozovek,2317,254
Goodlitt-Jones,Goodlitt Jones,Goodlit-Jones,Goodlitt-Jonnes,Goodlit-Jonnes,3255,351
Csóka,Csoka,Csóká,Csooka,Csoóka,1863,205
Gilderman,Gildermaan,Gildermen,Gildermane,Gildremann,3163,345
Amasaib,Amasaeb,Amasayb,Amasayib,Amasaeib,252,23
Amboulou,Ambolou,Amboulouu,Ambolu,Amboulu,257,25
McCluer,Mcluer,McCleuer,McCluerr,McLeuer,5693,594
Capalov,Capallov,Capalove,Capaloff,Capalow,1415,147
Ybrayev,Ybraev,Ybrayeva,Ibrayev,Ibrayeva,9746,973
Ahlstrin-Muniec,Ahlstrin Muniec,Ahlstrin-Munniec,Ahlstryn-Muniec,Ahlstrin-Muniecck,113,9
Jatulis,Jatullis,Jatulisss,Jatules,Jatulli,4017,429
Olsavsky,Olsavski,Olsawsky,Olsavskyy,Olsavksy,6557,669
Madale,Madalle,Madele,Madal,Madaale,5404,561
D'Orgeval,DOrgeval,DOrgéval,DOrgevall,DOrgevaal,1909,210
Colagrosso,Colagroso,Colagrosso,Colagrozzo,Colagrossso,1746,183
Borzì,Borzi,Borzii,Borrzi,Borzí,1100,114
Trevethan,Treveethan,Trevethann,Trivethan,Trevetahn,9004,906
Aguoma,Agouma,Aguomma,Agoma,Aguomaa,103,8
Dratchev,Dratcheve,Dratchevv,Dratcev,Dratcheav,2342,257
Oedingen,Oedenigen,Oedingenn,Oeddingen,Oeddingenn,6505,665
Akinwole,Akinwale,Akinwolle,Akinwolee,Akinwolé,139,13
Sochnick,Sochnik,Sochnikk,Socknick,Soshnick,8293,841
Almila,Almilaa,Almilla,Almilaah,Almilaan,220,20
Flevares,Flevaress,Flevaresse,Flavarez,Fleveres,2838,314
Hamerling,Hamerlingg,Hamerlin,Hamerlinng,Hamerleng,3513,379
Rizley,Risley,Rizely,Rizlley,Rizzley,7442,753
Shagory,Shagorry,Shaggory,Shagorri,Shagoryy,8006,818
Rodena,Rodeena,Rodenna,Rodenaa,Rodenah,7463,754
Madjarski,Madjarsky,Madjarskie,Madjarskiy,Madjarskiey,5415,563
Daniloh,Danilow,Danilov,Danilloh,Danilohh,1973,219
Galarzo,Galarzoo,Gallarzo,Galazro,Galarzor,2983,327
Rodgiriguez,Rodrigues,Rodriguez,Rodgirigues,Rodgeriguez,7464,755
Tondayag,Tondaiag,Tondayagg,Tondayak,Tondayeg,8933,902
Sanikow,Sanicow,Sanikov,Sanikowe,Sanikoww,7748,789
Lehosit,Lehositt,Lehosyt,Lehosiet,Lehosith,5088,530
Imatomi,Imatomii,Imatommi,Imatome,Imatomiya,3882,414
Nekrushev,Nekrusheev,Nekrushov,Nekrushevskiy,Nekrushevyy,6300,651
Penide,Penidi,Penyde,Penydi,Penydie,6844,695
Cecupak,Cecupack,Cecupok,Cecupakki,Cecupaak,1509,156
Ohoven,Ohooven,Oohoven,Ohovenn,Ohovenk,6524,668
Hauvette,Haavette,Hauvett,Hauvettee,Hauvete,3583,386
Loevner,Loefner,Loevnerr,Loevneer,Loevne,5242,545
Princevas,Princevass,Princevaas,Princevos,Princevus,7124,722
Barrajón,Barrajon,Barajon,Barajónn,Barajjón,671,66
Maylock,Maalock,Maylok,Maylokk,Mayloc,5667,592
Bomch,Bombch,Bommch,Bomsh,Bombsh,1052,108
Eyeland,Eiland,Eylandd,Eylend,Eyelande,2665,290
Sérvio,Servio,Serviio,Servvio,Serviié,8663,876
Peim,Peem,Peimme,Peimm,Peiim,6826,691
Tucman,Tukman,Tuchman,Tucmann,Tucmaan,9065,908
Tchitche,Tchiche,Tchitchee,Tchitchhe,Tchitce,8764,886
Filtschew,Filtscheww,Filtschewe,Filtschewa,Filtshew,2804,310
Chaviaras,Chaviaraas,Chavyaras,Chaviarass,Chaviarra,1576,162
Meyon,Mayon,Meyonn,Meion,Meyonh,5835,608
Foureau,Fourau,Foureauu,Foureao,Foureaux,2881,317
Çaliskantürk,Caliskanturk,Caliskantürck,Caliskanturck,Çaliskantürkk,9987,997
Baraff,Baraf,Barraf,Barafff,Beraff,630,59
Pirak,Pirack,Pirakkk,Pirakk,Pyrak,6973,710
Scarafile,Sarafile,Scarrafle,Scarafie,Scarafyle,7819,797
Khushu,Khusu,Khusshu,Khushoo,Khusuh,4483,466
Portolou,Portolu,Portoloue,Portolow,Portolo,7065,718
Juinor,Junior,Junoir,Juior,Junor,4135,437
Newbro,Newboro,Newbrow,Neubro,Newbbro,6327,655
Ariane,Arianne,Arian,Ariana,Ariene,385,36
Wiktop,Wicktop,Wiktoop,Wictop,Wiktope,9633,965
Blazovics,Blazovic,Blazovik,Blazovicsz,Blazovycs,983,103
Calfas,Kalfas,Calfass,Calphas,Calfes,1374,144
VanAken,Vanaken,Van Aken,Vanacken,Vanekan,9232,926
Hostyn,Hostin,Hostynn,Hostynne,Hosten,3770,400
Sharrer,Sharer,Sharerr,Sharreer,Sharrar,8034,822
Garkoets,Garkoetts,Garkoet,Garkoetz,Garkoez,3037,332
Boudler,Bouldler,Boudlar,Boudlerr,Bouddler,1112,116
Merlin-Dufey,Merlin Dufey,Merlin-Dufe,Merlindufey,Merline-Dufey,5812,606
Kmeto,Kmetoo,Kmetoe,Kmeeto,Kmetco,4573,477
Delfish,Delfishh,Delfis,Delfissh,Delphish,2090,229
Essiambre,Essiamber,Essiambr,Essiambree,Essiambra,2635,288
Zvanskaya,Zvanskaia,Zvanskaaya,Zvanskaaia,Zvanskayya,9963,996
Ragusi,Ragusy,Ragusii,Ragusai,Ragussi,7240,733
Budyn,Budyne,Budynn,Budyen,Budyns,1252,132
Larhzaoui,Larzaoui,Larhzaouy,Lahrzaoui,Larhzaouie,5005,524
Kuczmar,Kuczmaar,Kuczmer,Kuczmarr,Kuczmaer,4808,503
Penred,Penredd,Penrid,Pennred,Penret,6846,696
Picknight,Piknight,Picknigth,Picknigh,Picnight,6932,705
Velichka,Velicka,Velichkha,Velichcka,Veli„?ka,9317,936
Gerardín,Gerardin,Gerardyn,Gerardynn,Gerardínn,3111,339
Nozik,Nozick,Nozyk,Nozikk,Noziik,6436,662
Letizi,Letizzi,Letizie,Letizy,Letyzi,5142,537
Baysting,Baisting,Baystingg,Baystyng,Baistting,724,73
Broghamer,Broghamer,Brogheimer,Broghamr,Broughamer,1209,129
Deknegt,Deknegt,Deknecht,Dekneht,Deknagt,2076,228
Derras,Derras,Derass,Derrass,Derraz,2139,234
Muvvala,Muvvala,Muvvalla,Muvvula,Muvalla,6157,635
Macallster,Macallster,Macallister,Macalster,Macalister,5386,559
Mazacova,Mazacowa,Mazakowa,Mazakova,Mazacavoa,5670,593
Lutovská,Lutovská,Lutovska,Lutovskaa,Lutovksa,5337,552
Conoy,Conoy,Cenoy,Conoi,Coney,1772,188
Kösker,Kösker,Koesker,Koeseker,Koeskerr,4903,514
Wobito,Wobito,Wobitoo,Wobitto,Wobit,9667,967
Ischia,Ischia,Icschia,Ischya,Iscia,3921,419
Wantwadi,Wantwadi,Wantwady,Wantwadee,Wantvadi,9529,952
Varshavskya,Warshavskya,Varshawskya,Varsavskya,Warsawskya,9269,933
Manulli,Manulli,Manullii,Manulii,ManulI,5545,580
Drutt,Droott,Drut,Drudt,Durtt,2366,262
Kantziki,Kantziki,Kantzikki,Kanziki,Kanzikki,4282,449
Miniato,Miniato,Minniato,Miniatoe,Miniatoa,5902,612
Hunningher,Hunningher,Huninger,Huningher,Hunniger,3808,402
Mensíková,Mensíková,Mensikova,Menzikova,Mensikovaa,5799,605
Fario,Fario,Fariio,Farrio,Faryo,2710,294
Zalli,Zalli,Zallii,Zali,Zalll,9830,983
Sarivaara,Sarivaara,Sarivara,Sarivarra,Sarivaaara,7774,794
Rafeequllah,Rafeequllah,Rafeequllahh,Rafequllah,Rafequllahh,7236,731
Mundsperger,Mundsperger,Mundesperger,Mundspergeer,Mundspergerr,6118,633
Cadatil,Cadatil,Cadatill,Cadatal,Cadatyl,1354,142
Kozlav,Kozlav,Kozlaw,Kozlaav,Kozlaf,4723,493
Sayharman,Sayharman,Sayharmann,Sayharmen,Sayharmaan,7809,795
Stanszewski,Stanszewski,Stanszevski,Stanszeski,Stanszewskii,8419,850
Gonzalez-Lyons,Gonzalez-Lyons,Gonzalez-Lyon,Gonzalez-Lyone,Gonzales-Lyons,3251,350
Kotousov-Buntovnikova,Kotousov-Buntovnikova,Kotousof-Buntovnikova,Kotoussov-Buntovnikova,Kotousov-Buntovnikovaa,4699,491
Faublas,Foblas,Fabulas,Fauvlas,Fauvblas,2720,297
Kolarovich,Kolarovic,Kolarowich,Kolarovitch,Kolarovichh,4624,481
Salvia-Quiroz,Salvia Quiroz,Salvia Quirroz,Salvya-Quiroz,Salvia-Querroz,7711,785
Keward,Keeward,Kewarnd,Kewad,Keawrd,4441,463
Lemousset,Lamousset,Lemoussett,Lemoussette,Leemousset,5109,533
Byron-Fields,Byrone-Fields,Bryon-Feilds,Byronn-Fields,Biron-Fields,1326,139
Faszl,Faszll,Faszle,Faszal,Fazsl,2717,295
Uchihori,Uchihory,Uchihoriy,Uchihorii,Uchihoori,9123,914
Lalieu,Lalue,Laliew,Lalueu,Lalieuu,4962,522
Yurevsky,Yurevksi,Yurewsky,Yurivsky,Yurevskyy,9792,978
Studniak,Stundniak,Studniakk,Studdniak,Studniiak,8513,862
Endeacott,Endacott,Endecott,Endeacot,Endiacott,2580,281
Sparey-Green,Sparey Green,Sparrey-Green,Sparey-Greenn,Soarey-Green,8363,844
Zafirellis,Zaffirellis,Zafirelliss,Zafirelis,Zafirellies,9814,981
Guimerà,Guimera,Guimeraa,Guimerrà,Guiméra,3388,362
Scrisu,Scrissu,Scrisuu,Scrissuu,Scrisue,7919,805
Boihem,Bohem,Boheim,Boihemm,Bohiem,1026,107
Bedzeti,Bedzettii,Bedzetii,Bedzety,Bedzetey,751,76
Valozic,Walozik,Valosi?,Valozics,Valozik,9230,925
Bounty,Bountyy,Boounty,Bounnty,Bonty,1120,117
Xauet,Xauett,Xayet,Xaeet,Xauit,9715,970
Wangyal,Wangyall,Wangial,Wangyel,Wangyul,9526,951
Cristopoletti,Cristopoleti,Cristopolethi,Cristopoleetti,Cristopolettii,1850,202
Kashouris,Kashuris,Kashouriis,Kashouriss,Kashouries,4345,455
Schielin,Schiellin,Schielinn,Schielinm,Schieling,7851,800
Vauro,Vauuro,Vauroo,Vaurou,Vaurol,9290,934
Ifada,Ifadda,Ifaad,Ifadah,Ifadaa,3856,412
Laisis,Laiis,Laiisis,Laisiis,Laissis,4952,520
Peckosh,Pekosh,Peckosch,Peckossh,Pecosh,6814,690
Daulbayev,Daulbaev,Daulbayyev,Daulbaiev,Daulbayeve,2004,223
Peltovuoma,Peltovouma,Peltovuma,Peltovomua,Peltovoumma,6838,694
Lattie,Latie,Latti,Lattye,Lattti,5024,527
Pereszlay,Pereslay,Pereszlayy,Pereszlai,Pereslaye,6859,698
Werick,Weric,Werik,Werrick,Werrickk,9595,961
Koliousi,Kolioussi,Kolioushi,Koliouci,Koliousiyy,4626,483
Stueckle,Steukle,Stuekle,Stueckel,Stuecklee,8514,863
Udesen,Udsen,Udeesen,Udesenn,Uddesen,9126,915
Rednour,Rednoeur,Rednoor,Rednoour,Rednouur,7328,737
Gertz,Gerz,Gertzz,Gerrtz,Gertsz,3121,340
Deriemaeker,Deriemaecker,Deriemaaker,Deriemaekerr,Deriemaekar,2134,233
Cowens,Cowen,Cownes,Cowns,Coweens,1829,198
Cunahap,Cunahapp,Cunhap,Cunahop,Cunahupp,1882,208
Zampollini,Zampolini,Zampollinni,Zampollinii,Zampolllini,9848,986
Ratwattananun,Ratwatannanun,Ratwattananunn,Ratwattananuun,Ratwattannanunn,7297,734
Diogou,Diogu,Diogouu,Dioogou,Dioggou,2233,243
Alshebany,Alsheebany,Alshebaney,Alshebani,Alshibany,230,21
Zuzanska,Zuzanskaa,Zuzanskka,Zuzanski,Zuzansk,9961,994
Spiesshofer,Speisshofer,Spiesshoferr,Spieshofer,Spiesshoffer,8375,846
McCullick,Mccullickk,Mcullick,Mcculik,Mccullic,5701,596
Ma'at,Maat,M'aat,Matt,M'at,5368,556
Forcefield,Forcefieldd,Forcefiel,Forcefiled,Forcefild,2865,316
Colemans,Colmans,Coleman,Coolemans,Coolmans,1750,185
Didulica,Didulika,Didulicca,Diduliica,Didulic,2202,240
Bhotica,Bhottica,Bhotika,Bhoticca,Bhotiica,896,95
Senchihina,Senchihinna,Senchiina,Senchihin,Senchihian,7963,808
Saguinsin,Saguinsinn,Saginsin,Saguinssin,Sagunsin,7675,780
Talazitz,Talazit,Talazitzz,Talazittz,Talaztiz,8698,877
Kenpet,Kepnet,Kenpette,Kenpeet,Kennpet,4414,459
Shattenberg,Shattenber,Shattenberrg,Shatenberg,Shattemberg,8040,824
Kozicsko,Kozickso,Kozicskoo,Kozicsk,Kozicskk,4721,492
Thilke,Thilcke,Thilka,Thilkee,Thillke,8835,892
Donen,Donan,Donin,Donon,Donen,2302,250
Halbower,Halbawer,Halbawar,Halbowar,Halbowir,3497,375
Cserne,Csene,Csernee,Cserna,Csernie,1860,204
Felixová,Feliksova,Felixova,Feliksová,Felixoova,2753,303
Lenvo,Lenfo,Lenvoo,Lenvoh,Lenvoe,5116,535
Saalmon,Sallmon,Saalmoon,Salamon,Saalmone,7644,777
Poumaredes,Poumaredez,Poumareds,Poumaredess,Poumarades,7082,721
Fatouretchi,Fatouretchi,Fatouretchy,Fatooretchi,Fatouretchie,2718,296
Romeshika,Rameshika,Romeshica,Romeshikka,Romesheka,7502,761
Nankissoor,Nankisoore,Nankissor,Nankisoorr,Nankissore,6236,645
Chrumka,Chrumkka,Chrumpka,Chrumkah,Churmka,1662,173
Lagardère,Lagardere,Laggardere,Lagardèreé,Lagarder,4937,517
NeJame,Nejame,Nejamee,NeJamme,Nejamm,6281,648
Kanieski,Kaneski,Kanieeski,Kaniesski,Kanieskii,4272,448
Biliet,Bilieth,Biliett,Bilyet,Biliat,930,100
Zgurskaya,Zgurskaia,Zgurskayaa,Zgurksaya,Zgurskaaya,9899,989
Cordreuse,Cordreusse,Cordreuz,Cordruese,Cordruse,1786,191
Mladosic,Mlado…цi„?,Mladosik,Mladosicck,Mlado…цic,5951,617
Saporovsky,Saporovskiy,Saporovski,Saparovskyi,Saporosky,7762,792
Lamap,Lamaap,Lamapp,Lammaap,Lamapaa,4965,523
Senior-Seda,Senior Seda,Seniour-Seda,Seneor-Seda,Sénior-Seda,7966,809
Genous,Genuos,Genouss,Genoush,Gennous,3104,338
Waltherd,Walthard,Waltherdd,Walther,Waltherdt,9517,950
Giuffredi,Giuffrediia,Giufredi,Giuffreeddi,Giuffreedi,3196,347
Andrham,Andram,Andraham,Andrahm,Andhran,295,28
Atwan,Attwan,Awtan,Atwaan,Aatwan,459,42
Pärnapuu,Parnapuu,Pärnnapuu,Paernapuu,Pärnapu,7181,728
Mabadi,Mabady,Mabide,Mabaddi,Mabodi,5373,557
Selinenkova,Selinenkoba,Selinenkov,Selinenkiva,Selinenkovaq,7955,807
Olveczky,Olvackzy,Olveczki,Olveczkey,Olveckzy,6561,671
Kolbaneva,Kolbeneva,Kollbaneva,Kolbanewa,Kolbaneav,4625,482
Wowereit,Woweriet,Wowerit,Wowereyt,Wovereit,9697,969
Benadretti,Benadrettie,Benadretyi,Benadrety,Benadreti,790,81
Skrivanos,Skrivanus,Skrivanoss,Skrivanis,Skrivanoc,8234,836
Moucada,Moucadda,Mocuada,Moucoda,Mucada,6067,627
Lulman,Lullman,Lulmann,Lulmaan,Lulmman,5316,551
Bártková,Bartkova,Bartkovaa,Bártkova,Bártkovæ,1332,140
Arapatsakos,Arapatsacos,Arapatzakos,Arapatsakus,Arapatsakoss,366,33
Mondine,Mondin,Mondaine,Mondyn,Mondyne,5998,619
Llanodosa,Llanadosa,Llanodosaas,Lanodosa,Llanodossa,5228,542
Papikaropoulos,Papikaropulos,Papikaropoulus,Papikarropoulos,Papikaropoullos,6728,684
Leichner,Leichener,Lichner,Leichneer,Leichher,5090,531
Karrer,Karer,Karror,Karrrer,Karrre,4327,453
Masem,Maasem,Maseem,Massem,Maseam,5618,588
Jarnig,Jarnigg,Jarniig,Jarnik,Jarnyg,4009,427
Melofiro,Melofyro,Melofiroo,Melofyros,Melofiiro,5784,603
Uneanya,Uneanyaa,Uneayna,Unenaya,Unenayaa,9150,920
Kolouris,Kollouris,Kolouriss,Koloris,Kolouriis,4635,484
Belhanda,Belhandaa,Belhand,Belhandaas,Belhendaa,777,79
Lemaitre,Lemaétre,Lemaetre,Lemaiter,Lemaistre,5103,532
Agtay,Agtey,Agtaay,Aagtay,Agtai,99,6
SheLuxe,SheLux,Sheluxe,Sheeluxe,Shaluxe,8049,825
Crowshoe,Crowsheo,Crowshoee,Crowshow,Croshoe,1856,203
Embalsado,Ambalsado,Embalsadi,Embalsodo,Embalsada,2570,277
Kaqorraj,Kaqorraaj,Kaqoraj,Kaqorrajja,Kacorraj,4295,452
Youssif,Youssiff,Yousif,Yousiff,Youssf,9780,975
Larkin-Battista,Larkin-Batista,Larkin-Battistaas,Larkin-Batttista,Larkin-Batistaa,5006,525
Bracholdt,Brachold,Bracholdd,Bracholtd,Bracoldt,1138,120
Hopek,Hopeck,Hopekk,Hoopek,Hoppek,3751,398
Schmid-Moll,Schmidmoll,Schmidmole,Schmid-Mol,Schmid-Molll,7862,801
Aarestad,Arestad,Aarstad,Aarestaad,Aarestard,7,0
Mihalicka,Mihalickaa,Mihalick,Mihaliccka,Mihalicak,5861,609
Amatniek,Amatniekk,Amatnik,Amatnieck,Amatnek,255,24
Bible,Bieble,Bibly,Bibe,Bibel,903,96
Geidmane,Gaidmane,Geidmaane,Geidman,Geidmanee,3091,334
Perrilli,Perilli,Perrilii,Perilliyy,Perylli,6873,701
Arturson,Arthursen,Artursen,Artursson,Artursin,409,38
Oriuchi,Oriuchhi,Oriucchi,Oriuch,Oruchi,6598,676
Marszolek,Marszolke,Marszoleck,Marszolk,Marszolekk,5595,586
Techenburg,Techennburg,Techunburg,Techneburg,Techinburg,8769,887
Maliníková,Malinkova,Malinikova,Maliníkova,Maliniková,5488,574
Hammersmtih,Hammersmith,Hammersmthi,Hamersmith,Hammersmihth,3521,380
Comoglio,Comogllo,Comogio,Comaglio,Commoglio,1764,187
Bouritius,Bourtius,Bourituis,Bouritiuss,Bouritios,1123,118
Meisnerová,Meisnerova,Meisneerova,Meisneorova,Meisneroova,5765,600
Divdel,Divdell,Divdelll,Divdul,Divdeel,2248,245
Odutayo,Oduutayo,Odutayoo,Odotayo,Oduatyo,6503,664
Cikojevic,Cikojovic,Cikojevick,Cikojeviic,Cikojevicc,1682,174
Wauke,Waukeee,Wauk,Waauke,Waukee,9553,954
Crago,Crago,Crgao,Cragoo,Cragoe,1835,199
Alcasey,Alcaseyy,Alcasey,Alcassey,Alkasey,180,17
Stahuljak,Stahulljak,Stachuljak,Stahuljek,Stahuljack,8409,849
Leontongh,Leontong,Leontonh,Leontogh,Leontonggh,5122,536
Esbri,Esbiri,Esbrii,Esbrie,Esbrri,2612,285
Tangert,Tanger,Tangerth,Tangertt,Tangeret,8717,879
Murray-Gibson,Murraygibson,Muray-Gibson,Murray-Gibsson,Murray-Gibso,6140,634
Moroeno,Moreno,Moroenoo,Moroenoe,Moroeni,6038,624
Palawatvichai,Palawatvicha,Palawatvichaai,Palawatvichay,Palawatwichai,6693,683
Obershaw,Oberhaw,Obershow,Oberschaw,Obeshaw,6485,663
Aktypi,Aktopi,Aktipi,Aktyp,Aktypli,145,14
Weichenrieder,Weichnerieder,Weichenrider,Weichenriedr,Weichenriderer,9571,958
Kumelas,Kumelass,Kumelaz,Kumeles,Kumerlas,4828,506
Olsbauer,Olsbaur,Olspauer,Olsbaeur,Olzbauer,6558,670
Patai,Patay,Pattai,Patia,Paati,6784,688
Noviaty,Noviety,Noviati,Noviatty,Noviyaty,6430,661
Fetting,Feting,Fettingg,Fettting,Fettin,2781,308
Se-young,Seyoung,Seeyoung,Se-yuong,Seyoungg,7923,806
Paghiligan,Pagiligan,Paghiliggan,Paghilagan,Paghilgan,6675,682
Callan-Jones,Callan-Jonnes,Callan-Joones,Callan-Jonees,Callan-Jone,1378,145
Ianev,Ianevv,Ianeb,Ianevvv,Ianevii,3842,411
Mufua,Mufuah,Mufau,Mufuha,Muffua,6099,630
Gryzlov,Gryzlovv,Gryzlof,Gryzlovii,Gryzzlov,3358,361
Kosokoff,Kosokof,Kosokofe,Kosokofff,Kosoqoff,4685,489
Badreddin,Baddredin,Badredin,Badredinna,Badreddiin,532,49
Cordrie,Cordriee,Cordrye,Cordrei,Cordrrie,1787,192
Alsta,Alstta,Alstaa,Alstah,Allsta,232,22
Laika,Layka,Laaika,Laikaa,Laiika,4949,519
Tomoroni,Tomoroniin,Tomooroni,Tomoronni,Tomooronii,8931,901
Sadeghian,Sadehghian,Sadeqghian,Sadeghiaan,Sadeghyan,7661,779
Ismajlovic,Ismajlovicc,Ismaylovic,Ismaylovicc,Ismajloviic,3931,420
Skuhra,Skuhrar,Skuhrra,Skuhhra,Skuhar,8236,837
Peplyarski,Pepliarski,Peplyarskii,Peplyarskee,Peplyarsky,6851,697
Shanaughan,Shanaghan,Shanaughaan,Shanaughann,Shanaugan,8020,820
Magaev,Magaeff,Magaevv,Magaeve,Magaevi,5422,566
Parkinson-Dermott,Parkinson-Dermot,Parkinson-Dermit,Parkinson-Dermitte,Parkinson-Dermottt,6749,686
Neraas,Neraaas,Neraass,Nerras,Neraes,6311,652
Janos-Orzepowska,Janos-Orzepowka,Janos-Orzepowskaa,Janos-Orzepowskk,Janos-Orzepovska,4000,426
Keheler,Keheller,Kehelerr,Kehelar,Kehelir,4396,458
Lykins,Lykkins,Lyykins,Lykyns,Lykens,5349,553
Cheesmur,Cheesmurr,Cheesmer,Cheesmurh,Cheesmurk,1585,163
Minoi,Minnoi,Minoii,Minoy,Minio,5906,613
Makhatho,Makatho,Makhato,Mahkatho,Makhatoh,5461,571
Halbheer,Halbeher,Halbherr,Halbheir,Halbhear,3496,374
Tiernas,Tiernass,Tiernus,Tiernaz,Tiernase,8873,896
Zamanli,Zamanly,Zamali,Zamanlii,Zamnali,9838,984
Grosslichtova,Grosslichtova,Grosslichtovaa,Groslichtova,Grosselichtova,3344,360
Riechel-Sarup,Riechel-Sarupp,Riechel-Sarub,Richel-Sarup,Riechel-Sarrup,7404,746
Nedawal,Neddawal,Nedawall,Nedalwal,Nidawal,6286,650
Zapasiewicz,Zapasiewizc,Zappasiewicz,Zapaseiwicz,Zapasievvicz,9858,987
Kizilocak,Kizilocaak,Kizilocack,Kizilocakk,Kizilocka,4542,472
Malamy,Malamey,Malmay,Malamyy,Malamyh,5469,572
Demowlasky,Demowlaskyy,Demowlaski,Demowlask,Demowalsky,2110,231
Main-Wilson,Main-Wilsson,Main-Wilsohn,Main-Wilsoin,Main-Wilzon,5439,569
Hruzík,Hurzik,Hruzíck,Hruzik,Hruzzik,3789,401
Pickus,Pikus,Piccus,Pikkus,Pickuss,6933,706
Ripotella,Ripotela,Ripotellaa,Ripoetella,Ripotella,7430,749
Eirth,Eirht,Eritth,Eirrth,Eirthh,2511,272
El-Mismari,El-Mismary,Elmismary,El-Mismarri,El Mismeri,2527,274
Salayo,Sallayo,Salayoo,Salayto,Salayoh,7700,784
Tiopez,Tieopez,Tioppez,Tiopezz,Tiopeez,8886,897
Corrada,Corada,Corradah,Corradha,Corradda,1793,193
Drywer,Drywerr,Dryweer,Drywere,Driwer,2370,264
Fusel,Fussel,Fussell,Fusell,Fuesel,2953,320
Bonhommet,Bonhomet,Bonhommett,Bonhommete,Bonhommeth,1068,110
Oussana,Ousana,Oussanah,Oussan,Oussanna,6643,680
Lytseos,Lytseoss,Lytseosss,Lytseoz,Lytseosz,5355,555
Ontora,Ontorah,Ontorra,Ontoraa,Ontorraa,6577,673
Schutzbier,Schutzbeir,Schutzbeier,Schutzbir,Schutzbeirr,7898,803
Burchfiel,Burchfieel,Burchfield,Burchfeil,Burchfiell,1281,135
Akhmatov,Akhmatof,Akhmatove,Akhmatovv,Akhmatovee,135,12
Hajebi,Hajeebi,Hajbeii,Hajebii,Hajeb,3488,373
Teighe,Teighee,Tieghe,Teihge,Teig,8774,888
Bradea,Bradeea,Badea,Bradeah,Brade,1139,121
Movva,Mova,Movaa,Movvaa,Mov,6079,628
Websheet,Websheeth,Websheett,Webshet,Websheeet,9563,957
Hall-Bowden,Hall-Bowde,Hall-Bowden,Hall-Bowdeen,Hall-Bowedn,3506,377
Bencsik,Benscik,Bencsick,Bencsic,Bencsikk,795,82
Engerini,Engeriini,Engerinii,Engerini,Engeriny,2582,282
Defreyn,Defreyyn,Defrein,Defreynn,Defreynne,2064,227
Holmertz,Homertz,Holmert,Holmerts,Holmirtz,3739,396
General,Generaal,Generall,Genneral,Generel,3099,337
Sheuli,Sehuli,Sheulii,Sheulli,Sheuli,8064,826
Domachowske,Domashowske,Domachowska,Domachowsk,Domachowskee,2289,248
Ciofassa,Ciofasa,Ciofassa,Ciofas,Ciofasssa,1691,177
Galmozzi,Galmozi,Galmozzy,Galmozzii,Galmozii,2999,329
Cilbeylioglu,Cilbeyliogluu,Cilbeylioglu,Cilbeyliogllu,Cilbeylioglluu,1683,175
Buscikas,Busciikas,Buszikas,Busckikas,Buscikkas,1301,137
Kivuagha,Kivuagah,Kivuagga,Kivuaga,Kivuaghha,4538,471
Bultasová,Bultasova,Bultasove,Bultasovaa,Bultasovvá,1269,133
Kuje,Kuie,Kujee,Kuj,Kuji,4817,504
Zajacówna,Zajacovna,Zajacowna,Zajacownaa,Zajacownna,9825,982
Lucero-Lhullier,Lucero-Lhulleer,Lucero-Lhullierr,Lucero-Lhulier,Lucero-Lhullieer,5298,550
Ernory,Errnory,Ernor,Ernorry,Ernorii,2605,284
Viguer,Vigur,Viguerre,Vigurr,Viguerr,9391,942
Oppenhiemer,Oppenheimer,Oppenhiemer,Oppenhiemerr,Oppenheimmer,6588,674
Nadsadniy,Nadsadni,Nadsadniyy,Nadsadny,Nadsadniy,6201,641
Markel,Marckel,Markell,Markle,Marrkel,5577,582
Kabosu,Kabosoo,Kabossu,Kabos,Kabosuu,4177,441
Haukom,Hauckom,Haukomm,Haukoom,Haucom,3579,384
Madias,Madiass,Madiaas,Maddias,Matias,5413,562
